NaN,NaN,NaN
1.5341475636814803,2.2690751652560714,-1.408946374686311
2.620266326709355,-2.2163325979982256,-1.4982100829623703
-2.8000000000000003,-2.8000000000000003,-2.8000000000000003
